id,name,type,useremail
137739,arriba   baked winter squash mexican style,dinner,user1@example.com
31490,a bit different  breakfast pizza,dinner,user2@example.com
112140,all in the kitchen  chili,dinner,user3@example.com
59389,alouette  potatoes,dinner,user4@example.com
44061,amish  tomato ketchup  for canning,dinner,user5@example.com
5289,apple a day  milk shake,lunch,user6@example.com
25274,aww  marinated olives,lunch,user7@example.com
67888,backyard style  barbecued ribs,dinner,user8@example.com
70971,bananas 4 ice cream  pie,dinner,user9@example.com
75452,beat this  banana bread,breakfast,user10@example.com
109439,berry  good sandwich spread,lunch,user11@example.com
42198,better than sex  strawberries,breakfast,user12@example.com
67547,better then bush s  baked beans,dinner,user13@example.com
107517,boat house  collard greens,lunch,user14@example.com
39959,calm your nerves  tonic,breakfast,user15@example.com
63986,chicken lickin  good  pork chops,dinner,user16@example.com
43026,chile rellenos,breakfast,user17@example.com
23933,chinese  candy,dinner,user18@example.com
8559,chinese  chop suey,lunch,user19@example.com
23850,cream  of cauliflower soup  vegan,lunch,user20@example.com
76808,cream  of spinach soup,lunch,user21@example.com
24701,cream  of spinach soup  vegan,dinner,user22@example.com
83873,crispy crunchy  chicken,lunch,user23@example.com
107699,deep fried dessert thingys,breakfast,user24@example.com
49262,easiest ever  hollandaise sauce,lunch,user25@example.com
48156,emotional balance  spice mixture,lunch,user26@example.com
54272,fool the meat eaters  chili,lunch,user27@example.com
47366,forgotten  minestrone,lunch,user28@example.com
37073,fried  potatoes,breakfast,user29@example.com
44123,george s at the cove  black bean soup,breakfast,user30@example.com
27087,get the sensation  brownies,lunch,user31@example.com
59952,global gourmet  taco casserole,breakfast,user32@example.com
93249,grilled  ranch bread,breakfast,user33@example.com
54100,grilled  venison burgers,lunch,user34@example.com
67664,healthy for them  yogurt popsicles,breakfast,user35@example.com
87098,homemade  vegetable soup from a can,dinner,user36@example.com
25775,how i got my family to eat spinach  spinach casserole,dinner,user37@example.com
33165,i can t believe it s low fat  creamy potato salad,breakfast,user38@example.com
38798,i can t believe it s spinach,dinner,user39@example.com
22123,i don t feel like cooking tonight  casserole,breakfast,user40@example.com
90921,i stole the idea from mirj  sesame noodles,dinner,user41@example.com
93959,i yam what i yam two  muffins,lunch,user42@example.com
93958,i yam what i yam  muffins,lunch,user43@example.com
58224,immoral  sandwich filling  loose meat,dinner,user44@example.com
33606,italian sandwich  pasta salad,dinner,user45@example.com
94710,italian  fries,lunch,user46@example.com
35173,italian  gut busters,lunch,user47@example.com
83025,jeanne s style  birthday cake,dinner,user48@example.com
52804,jiffy  extra moist carrot cake,breakfast,user49@example.com
108414,jiffy  roasted corn and jalapeno cornbread,dinner,user50@example.com
26995,keep it going  german friendship cake,lunch,user51@example.com
53402,killer  lasagna,breakfast,user52@example.com
59632,kitchen sink  egg bake,breakfast,user53@example.com
22526,land of nod  cinnamon buns,breakfast,user54@example.com
100870,leftovers  spaghetti sauce,breakfast,user55@example.com
84797,love is in the air  beef fondue   sauces,dinner,user56@example.com
35653,make it your way  shortcakes,breakfast,user57@example.com
32169,make that chicken dance  salsa pasta,lunch,user58@example.com
24478,marijuana  vinegar,dinner,user59@example.com
44045,mennonite  corn fritters,breakfast,user60@example.com
60219,mexican pasta,breakfast,user61@example.com
81185,mock a mole   low fat guacamole,dinner,user62@example.com
30131,momma s special  marinade,lunch,user63@example.com
63593,more  more    apple pear jigglers,breakfast,user64@example.com
43164,mr  grant you took half veal prince orloff,breakfast,user65@example.com
30300,munch without guilt  tomatoes,breakfast,user66@example.com
78655,my muffuletta sandwich,dinner,user67@example.com
74805,never weep  whipped cream,breakfast,user68@example.com
71635,no bake  cookie crumble cheesecake,dinner,user69@example.com
38276,now and later  vegetarian empanadas,dinner,user70@example.com
97052,off the cob  freezer corn,lunch,user71@example.com
26835,one bowl  perfect pound cake,breakfast,user72@example.com
32271,one pot  brownies,lunch,user73@example.com
107229,open sesame  noodles,lunch,user74@example.com
5060,philly  waldorf salad,lunch,user75@example.com
42570,pick me up  party chicken kabobs,lunch,user76@example.com
52443,pizza  stuffed potato,lunch,user77@example.com
35595,pour over anything  mushroom gravy,dinner,user78@example.com
108804,put down your fork   tuna and bean salad,dinner,user79@example.com
83950,real  italian bolognese sauce,breakfast,user80@example.com
19208,red hot  applesauce,breakfast,user81@example.com
64302,red  macaroni salad,dinner,user82@example.com
35964,rich  hot fudge cake,breakfast,user83@example.com
71457,rise and shine  german fruit pancake,dinner,user84@example.com
95926,say what   banana sandwich,lunch,user85@example.com
103948,smells like sunday  chicken fricassee with meatballs,dinner,user86@example.com
99024,smoked  salmon  cracker spread,dinner,user87@example.com
64045,some like it hot,dinner,user88@example.com
41756,souper  easy sweet   sour meatballs,breakfast,user89@example.com
112959,sour cream  avocado dip  vegan,lunch,user90@example.com
83062,spicy  banana bread,dinner,user91@example.com
98930,steamed  chicken cutlets in packages,lunch,user92@example.com
83133,stove top  bbq  beef or pork ribs,breakfast,user93@example.com
39947,sugared grapes,lunch,user94@example.com
44895,symphony  brownies,breakfast,user95@example.com
39363,the best  banana bread  or muffins,breakfast,user96@example.com
62368,the best  chocolate chip cheesecake ever,lunch,user97@example.com
111875,the elvis  smoothie,dinner,user98@example.com
42522,the man s  taco dip,dinner,user99@example.com
34930,the woiks  dilly burgers,lunch,user100@example.com
63793,tide me over   indian chaat  simple veggie salad,breakfast,user1@example.com
61973,to your health  muffins,breakfast,user2@example.com
45859,truth serum  margaritas,dinner,user3@example.com
58651,turtle  squares,breakfast,user4@example.com
59534,twisted american chop suey,breakfast,user5@example.com
24137,voodoo   calamari ink  pasta,lunch,user6@example.com
40237,wacky cake,lunch,user7@example.com
18537,wait forever  pork chops,breakfast,user8@example.com
104243,we thought it was a layer cake sandwich,breakfast,user9@example.com
105069,zupa ze swiezych grzybow  polish mushroom soup,dinner,user10@example.com
70099,1 asian noodle salad,breakfast,user11@example.com
333281,1 brownies in the world    best ever,dinner,user12@example.com
234069,1 easiest dr  pepper ham glaze ever,breakfast,user13@example.com
37841,1 favorite chinese steamed whole fish by sy,lunch,user14@example.com
144952,1 french onion soup,breakfast,user15@example.com
453467,1 in canada chocolate chip cookies,lunch,user16@example.com
31835,1 squash dressing,lunch,user17@example.com
197013,10 can spaghetti sauce   oamc,breakfast,user18@example.com
306168,412 broccoli casserole,lunch,user19@example.com
286009,millionaire pound cake,lunch,user20@example.com
24514,1 000 artichoke hearts,dinner,user21@example.com
42508,1 00 tangy chicken recipe,dinner,user22@example.com
116679,100 broccoli casserole,dinner,user23@example.com
124286,100 chocolate cake,lunch,user24@example.com
190,20 000 prize winning chili con carne,dinner,user25@example.com
475785,2000 meatloaf,breakfast,user26@example.com
17265,25 pumpkin pie,lunch,user27@example.com
50662,25 000 casserole,dinner,user28@example.com
177187,250 chocolate chip cookies recipe,lunch,user29@example.com
118843,250 00 chocolate chip cookies,lunch,user30@example.com
208179,300 icing,breakfast,user31@example.com
500166,5 tacos,dinner,user32@example.com
501028,50 chili   for the crockpot,breakfast,user33@example.com
136602,500 margarita bread,breakfast,user34@example.com
69190,ara s potato  oup,breakfast,user35@example.com
503475,blepandekager   danish   apple pancakes,lunch,user36@example.com
522861,lplermagrone,breakfast,user37@example.com
457136,lplermagrone  herdsman s macaroni,breakfast,user38@example.com
455351,lplermagronen,lunch,user39@example.com
333797,rter med flsk   pea soup with pork,lunch,user40@example.com
428056,rtsoppa  swedish yellow pea soup,lunch,user41@example.com
306245,pinards en branche  sauted spinach,lunch,user42@example.com
523359,der wiener schnitzel style chili dog sauce,lunch,user43@example.com
495314,go to bbq sauce for ribs,breakfast,user44@example.com
149593,add in anything  muffins,dinner,user45@example.com
227924,almost   dairy queen blizzard ice cream cake,dinner,user46@example.com
100540,almost grilled  cheese sandwich,lunch,user47@example.com
155959,ant  kelly s london broil marinade,lunch,user48@example.com
29214,anything goes  low fat mushroom sauce,lunch,user49@example.com
92533,atkins friendly  cheesecake,lunch,user50@example.com
209203,bake in  oozy bread,breakfast,user51@example.com
42151,bar  cheese,lunch,user52@example.com
327356,bbq spray recipe    it really works,lunch,user53@example.com
325509,berry french toast  oatmeal,breakfast,user54@example.com
236184,berry good  french toast bake,breakfast,user55@example.com
241445,better than a baked potato  soup,dinner,user56@example.com
149887,better than cinnabon  cinnamon rolls,breakfast,user57@example.com
112984,better than spaghetti  squash bake,dinner,user58@example.com
200148,better than tofu  cheesecake,lunch,user59@example.com
445026,big easy   gumbo,lunch,user60@example.com
70611,big mac  meatloaf,lunch,user61@example.com
273326,buckley s  cajun salmon pasta,breakfast,user62@example.com
310570,burek  or feta cheese  phyllo pie,breakfast,user63@example.com
318677,california roll   salad,dinner,user64@example.com
80050,can t fail  holiday fruitcake,breakfast,user65@example.com
269984,cancer curing matzah ball soup,lunch,user66@example.com
317508,cheeeezy  potatoes,breakfast,user67@example.com
53872,cheeseburger  meatloaf for lactose intolerant cheese,lunch,user68@example.com
268942,cheesy  tuna casserole,lunch,user69@example.com
176110,chef salad  dressing,breakfast,user70@example.com
205331,chic  greek salad,dinner,user71@example.com
165856,chicken fried   fish fingers,lunch,user72@example.com
474769,coal miners  gnocchi,breakfast,user73@example.com
138005,country fried   pig fingers,dinner,user74@example.com
216945,crab  noodle bowl,breakfast,user75@example.com
164526,cream   of pumpkin or squash soup  vegan,dinner,user76@example.com
50184,cream  of mushroom soup,breakfast,user77@example.com
316470,creamsicle  smoothie,breakfast,user78@example.com
343338,creamy   vegan potato leek soup,dinner,user79@example.com
137434,creamy  chicken curry,dinner,user80@example.com
95534,da best  chicago style italian beef,dinner,user81@example.com
30473,denauseating  with ginger tea,breakfast,user82@example.com
24470,dipstir  crock pot dip,dinner,user83@example.com
311991,don t bother with the canned stuff    sloppy joes,lunch,user84@example.com
225707,dressed up  salad with secret dressing,breakfast,user85@example.com
242830,drunken  pork chops,lunch,user86@example.com
336744,egg  cellent noodles,lunch,user87@example.com
83542,even i like these  bran muffins,lunch,user88@example.com
91626,evil  chicken,dinner,user89@example.com
303457,exotic fruits  barbecue marinade,lunch,user90@example.com
176717,fake   blueberry cheesecake,lunch,user91@example.com
39226,fire  sauce,dinner,user92@example.com
216030,flaky  oatmeal raisin cookies,dinner,user93@example.com
268169,flipped  roast turkey,lunch,user94@example.com
98357,free toe  pie,dinner,user95@example.com
150365,fried  cauliflower,lunch,user96@example.com
243251,from the field  green beans  fresh herbs and walnuts,dinner,user97@example.com
20186,geebee special  sandwiches,dinner,user98@example.com
109818,german  barbecued carrots,breakfast,user99@example.com
243785,glazed  meatloaf,breakfast,user100@example.com
207525,go bears   party ryes,dinner,user1@example.com
226246,golden circle     pineapple upside down cake,dinner,user2@example.com
353044,greens to go  smoothie,lunch,user3@example.com
263781,hawaiian  chicken salad appetizer,breakfast,user4@example.com
66932,healthy  fried rice,breakfast,user5@example.com
48131,healthy  pumpkin pie,breakfast,user6@example.com
32363,homebakes   knock off beef stew and biscuits,breakfast,user7@example.com
293225,honey  i m peanuts about you   cake,breakfast,user8@example.com
235173,hot tamale  burgers,breakfast,user9@example.com
226001,i can t believe i made cream puffs,lunch,user10@example.com
220186,i hate miracle whip  but i love this potato salad that s,breakfast,user11@example.com
217201,i thought i had nothing to eat  rice,breakfast,user12@example.com
194665,impossible  bisquick spinach feta pie,breakfast,user13@example.com
269909,it smells like christmas  pumpkin bread,lunch,user14@example.com
259693,it s too easy  pork chops   rice casserole,breakfast,user15@example.com
161370,jamaican me hungry  chicken bake,dinner,user16@example.com
152261,jamba juice at home   lime it up  smoothie,dinner,user17@example.com
152259,jamba juice at home  strawberries wild  smoothie,lunch,user18@example.com
303460,jeera on cubes  barbecue marinade,dinner,user19@example.com
270259,joe s  peppermint cookies n cream brownies,breakfast,user20@example.com
345123,just trust me  bistro chicken salad,lunch,user21@example.com
125195,kelly s creamy cheddar pea salad,dinner,user22@example.com
141939,kicked up  oven fried chicken,dinner,user23@example.com
171442,kicked up  oven baked pork baby back ribs,lunch,user24@example.com
212188,kitchen sink  soup,dinner,user25@example.com
262208,korney  spinach dip stuffing  side dish,lunch,user26@example.com
207857,laings   english pickled onions  copycat,dinner,user27@example.com
221049,leftover  lo mein for two,dinner,user28@example.com
221116,leftovers  dessert,lunch,user29@example.com
130819,lemon coconut custard  pie,lunch,user30@example.com
20223,lite  cretons,lunch,user31@example.com
190108,little bear s  seafood soup,dinner,user32@example.com
158372,loaded   deviled eggs,breakfast,user33@example.com
219681,lupo s   chicken spiedies,dinner,user34@example.com
261215,ma s  oatmeal cake and icing,dinner,user35@example.com
179640,man  rice krispies treats,dinner,user36@example.com
250883,margarita  dip for fresh  or grilled fruit,dinner,user37@example.com
140855,meal in a bowl   guacamole salad,dinner,user38@example.com
120297,middle eastern   twice baked potatoes,lunch,user39@example.com
130492,more lish ous  cornbread,dinner,user40@example.com
164634,nat s king cole  coleslaw,breakfast,user41@example.com
293836,near east  rice pilaf  low fat,dinner,user42@example.com
169586,no copycats here   homemade chicken tortilla soup,breakfast,user43@example.com
261296,no harm eggplant parm  ww,breakfast,user44@example.com
101115,no name   beef recipe   loco moco,breakfast,user45@example.com
271594,not your average  ham   bean soup,breakfast,user46@example.com
164291,not your every day chicken salad  chicken salad,breakfast,user47@example.com
251528,not  lasagna,dinner,user48@example.com
250833,old ladies on a bus    chicken,breakfast,user49@example.com
343448,outback   steak rub,breakfast,user50@example.com
39893,party  taco dip,lunch,user51@example.com
147477,pass me another   hot clam dip,breakfast,user52@example.com
223349,pasta  with shrimp   eggplant,breakfast,user53@example.com
86768,perfect  chocolate frosting,lunch,user54@example.com
197001,pink stuff     cherry pie filling  pineapple dessert,dinner,user55@example.com
60938,pizza pan  potato skins,breakfast,user56@example.com
228491,pizza  steak,breakfast,user57@example.com
451515,posh   pork roast   crockpot,lunch,user58@example.com
353171,puddingkuchen   custard bake,lunch,user59@example.com
354039,quick and healthy picker uppers apple treats,breakfast,user60@example.com
302399,quick biscuit bread,dinner,user61@example.com
195736,quick buns,dinner,user62@example.com
365946,real new york style  cheesecake supreme,dinner,user63@example.com
221544,red river shoot out   pigskins,dinner,user64@example.com
175306,red robin  drink recipe  mai tai,dinner,user65@example.com
211833,roast pork   and apple dinner,breakfast,user66@example.com
276567,russian  dressing  ww,breakfast,user67@example.com
232044,sangria  fruit cups  non alcoholic,breakfast,user68@example.com
244840,sausage  and gravy  low fat,breakfast,user69@example.com
342620,secret ingredient  bbq meatloaf,lunch,user70@example.com
165270,secret ingredient  beef  stew,lunch,user71@example.com
9999,seva   bean   vegetable stew,breakfast,user72@example.com
423875,sexy greek   cocktail,breakfast,user73@example.com
275675,she crab  cream of crab soup,lunch,user74@example.com
356803,skinny  meatloaf,breakfast,user75@example.com
296983,skordy  new potatoes w rosemary lemon   olive oi,breakfast,user76@example.com
111462,slightly spicy  black bean burgers,lunch,user77@example.com
242831,sloughed  tortellini salad,breakfast,user78@example.com
151143,south beach  stuffed bell peppers,lunch,user79@example.com
185799,splenda   d  cheesecake sugar free low carb,dinner,user80@example.com
166089,sticky chicky   dump chicken,dinner,user81@example.com
310082,stove top   stuffing,lunch,user82@example.com
70005,sun dried   tomatoes,lunch,user83@example.com
129581,tastes like mounds bar    kahlua cake,breakfast,user84@example.com
116741,tastes like   v 8 juice,lunch,user85@example.com
143750,the bomb  pumpkin soup,lunch,user86@example.com
257409,the mooch     zucchini sandwich,lunch,user87@example.com
154426,the u of l game day dip,lunch,user88@example.com
255916,the works  crock pot chili,lunch,user89@example.com
325714,the  carrot cake,dinner,user90@example.com
163238,the  creamed dried beef chipped beef recipe,dinner,user91@example.com
274988,thicker than pea soup  pea soup,lunch,user92@example.com
347252,this old house    dressing,dinner,user93@example.com
47037,trini  burgers,dinner,user94@example.com
130815,we hate zucchini bread   zucchini bread,dinner,user95@example.com
251021,white  sangria,breakfast,user96@example.com
25538,wild game   moose sloppy joes,breakfast,user97@example.com
276594,windy s  sweet and sour meatballs,lunch,user98@example.com
54837,world s best    and easiest   teriyaki chicken wings,lunch,user99@example.com
32378,you bring the macaroni salad   macaroni salad,breakfast,user100@example.com
259784,you can t eat just one  ice box cookies,lunch,user1@example.com
16391,yummy n  easiest  warm blueberry sauce,dinner,user2@example.com
196264,zucchini mix  in tomato sauce,dinner,user3@example.com
251032,like money for nuthin    fudge,dinner,user4@example.com
429524,007  martini,dinner,user5@example.com
146,21  apple pie,breakfast,user6@example.com
315537,5 things  hot mexican green chile dip,breakfast,user7@example.com
487173,5 minute bread  pizza,breakfast,user8@example.com
341118,99 bananas  foster oatmeal,lunch,user9@example.com
77206,almost  boston market creamed spinach,dinner,user10@example.com
157487,almost  outback steakhouse shrimp sauce,lunch,user11@example.com
289671,almost  starbucks frappuccino,dinner,user12@example.com
356884,amerikaner   german vanilla biscuit,dinner,user13@example.com
168590,amigos  crisp chicken burritos,breakfast,user14@example.com
44050,amish  cake frosting   icing,breakfast,user15@example.com
166328,any type  nut butter,lunch,user16@example.com
242,any  muffins,lunch,user17@example.com
124853,apple pie,dinner,user18@example.com
160077,aunt johnnie s   pound cake,dinner,user19@example.com
161843,aww   shucks  crescent dough dessert,breakfast,user20@example.com
447429,bacon cheeseburger and fries  soup,breakfast,user21@example.com
202009,bailey s hot fudge sauce,dinner,user22@example.com
372665,baked  apple cinnamon oatmeal,dinner,user23@example.com
55681,basic  beet borscht,dinner,user24@example.com
230240,bbq  pork,breakfast,user25@example.com
137701,beat the blues  blue cheese risotto,lunch,user26@example.com
467795,beefy  seitan log,lunch,user27@example.com
289133,berinzila   eggplant and ham,lunch,user28@example.com
28951,berry good  smoothie,dinner,user29@example.com
513531,better than a can  homemade sloppy joes,dinner,user30@example.com
511799,better than bouillon  gravy,dinner,user31@example.com
292568,better  cake mix,breakfast,user32@example.com
435497,better than crack  brownies,dinner,user33@example.com
392158,biggest loser  fish tacos,breakfast,user34@example.com
167554,blond  minestrone,dinner,user35@example.com
505132,boo tiful  jell o cups,dinner,user36@example.com
399278,buffalo wild wings  medium wing sauce copycat by todd,breakfast,user37@example.com
535020,buffalo wing  mushrooms,breakfast,user38@example.com
165110,buffalo  stuffed eggs,lunch,user39@example.com
27200,call the fire department  hot wings,lunch,user40@example.com
262576,caramel  apples,dinner,user41@example.com
357497,chmeur s  pudding,breakfast,user42@example.com
201697,cheese  sauce  dairy free,breakfast,user43@example.com
363009,cheeseburger  cookies and  fries,dinner,user44@example.com
113150,cheeseburger stuffed  french bread,dinner,user45@example.com
81635,cheesecake factory  crab cakes,breakfast,user46@example.com
279052,cheesy  vegan lasagna,breakfast,user47@example.com
240622,chic to be greek  salad   from salad creations,lunch,user48@example.com
142984,chinese  popcorn,dinner,user49@example.com
299989,chipotle  style chicken burrito bowls,lunch,user50@example.com
165385,cloud nine,dinner,user51@example.com
285606,comfort able kamikaze,breakfast,user52@example.com
204270,company  green beans,breakfast,user53@example.com
117116,company s coming  rice,dinner,user54@example.com
138275,country style  onion soup,dinner,user55@example.com
168644,crabby  bread,lunch,user56@example.com
20085,crabby  cracker spread,dinner,user57@example.com
243157,crack  lasagna,lunch,user58@example.com
160170,crazy easy   lo mein,lunch,user59@example.com
441744,cream of whatever  soup,breakfast,user60@example.com
271113,cream  of chicken soup,breakfast,user61@example.com
16327,creamed  spinach,dinner,user62@example.com
182122,creamy  broccoli soup,dinner,user63@example.com
369169,creamy  fiddlehead soup,breakfast,user64@example.com
331715,creamy  mushroom soup,dinner,user65@example.com
249050,death by chocolate  copycat dark chocolate sauce,lunch,user66@example.com
151746,diamond  creme brulee,lunch,user67@example.com
297594,dirty  broccoli,breakfast,user68@example.com
63346,don t knock it until you try it  beet cake,lunch,user69@example.com
519068,dorito  popcorn seasoning,lunch,user70@example.com
263831,dressed up  greek style  salad,lunch,user71@example.com
419921,duffins   donut muffins,dinner,user72@example.com
368320,elephant ear  dutch baby,lunch,user73@example.com
392150,elmer s  summertime sweet onion salsa,lunch,user74@example.com
342619,emerald ecstasy  green smoothie,lunch,user75@example.com
408907,extraordinary  macaroni and cheese,dinner,user76@example.com
371961,fabulous  brownies,dinner,user77@example.com
188151,fall ing for spice cake,lunch,user78@example.com
383120,famous  garlic noodles,lunch,user79@example.com
248125,faux  sourdough,dinner,user80@example.com
128715,first  skillet cornbread,dinner,user81@example.com
495344,fish herb crust,breakfast,user82@example.com
300339,foodies  succotash,lunch,user83@example.com
460846,fooled me  flourless peanut butter cookies,breakfast,user84@example.com
367987,fraicheur  vinaigrette,breakfast,user85@example.com
280918,fried  bacon in the oven,dinner,user86@example.com
243409,fried  pork chops and gravy,dinner,user87@example.com
243249,from the field  balsamic vinaigrette,breakfast,user88@example.com
173113,fronch  toast,breakfast,user89@example.com
463219,full cool  macaroni and cheese,breakfast,user90@example.com
360086,funny bones  cake,lunch,user91@example.com
457965,gilded  zucchini,dinner,user92@example.com
72449,gimme a cheap weeknight dinner  quick,dinner,user93@example.com
193430,gobble up   turkey cottage pie,lunch,user94@example.com
39172,good morning   muffins,dinner,user95@example.com
303070,goulash    heart healthy version,dinner,user96@example.com
216068,goulashy  beef stew for the slow cooker,breakfast,user97@example.com
384510,granny squash   creamed squash,lunch,user98@example.com
367865,green eggs  kid friendly   high in iron,dinner,user99@example.com
391390,green  soup,breakfast,user100@example.com
141937,grey cup  sourdough,dinner,user1@example.com
53197,grilled   salmon,lunch,user2@example.com
400273,guilt free ice cream wannabe,dinner,user3@example.com
535431,ham  solo savory cake,breakfast,user4@example.com
480776,hamburger  buns  zero carb,lunch,user5@example.com
305431,harak mas curry  sri lankan beef curry,dinner,user6@example.com
443640,he proposed   red velvet cake,lunch,user7@example.com
406331,healthified  decadent hot chocolate,lunch,user8@example.com
441118,healthy  5 minute mug cake,lunch,user9@example.com
142369,hershey s special dark  chocolate chip cookies,breakfast,user10@example.com
145858,hershey s triple layer cheesecake,dinner,user11@example.com
173730,hey nic  add the chicken   leek and potato soup,breakfast,user12@example.com
170199,hibachi  style salad dressing,breakfast,user13@example.com
239866,hindu  spaghetti casserole,lunch,user14@example.com
46189,homemade  hamburger helper,lunch,user15@example.com
314384,human  puppy chow,lunch,user16@example.com
136231,i am tired of living   cocktail,breakfast,user17@example.com
174536,i can t believe it is butter  margarine spread,lunch,user18@example.com
341816,i coulda had a stuffed pepper  stuffed peppers,breakfast,user19@example.com
59515,i don t believe it s      lemon tofu cheesecake,dinner,user20@example.com
320708,i don t have any tahini  hummus,lunch,user21@example.com
211091,i fooled the carnivores   vegan barbecue,dinner,user22@example.com
286851,i ve only got a quarter meal,breakfast,user23@example.com
248212,if you like pina coladas  protein smoothie,lunch,user24@example.com
280644,in the pink  lemonade,dinner,user25@example.com
176883,indian  macaroni and cheese,dinner,user26@example.com
298908,it still feels like winter  vegan oatmeal muffins,lunch,user27@example.com
102035,it s a keeper   fish stick casserole,dinner,user28@example.com
430445,it s greek to me  baked feta chicken,lunch,user29@example.com
239871,it s not a secret  brisket,dinner,user30@example.com
328250,it s that easy  graham cracker delight,breakfast,user31@example.com
146686,italian ized  pork chops,breakfast,user32@example.com
138477,janie marzetti,breakfast,user33@example.com
287778,jiffy  deluxe pizza sticks,lunch,user34@example.com
204122,johnny depp in a bundt pan   a k a black russian cake,lunch,user35@example.com
437637,just peachy  cobbler,dinner,user36@example.com
123115,kelly s chinese cabbage salad,dinner,user37@example.com
152844,kicked up  baked corn pudding casserole,lunch,user38@example.com
132195,kicked up  macaroni and cheese,lunch,user39@example.com
248962,kitchen sink  chocolate chunk cookies,dinner,user40@example.com
384264,lamb chops sensory explosion,dinner,user41@example.com
199545,leave me for you  chili,lunch,user42@example.com
422291,leftover roast  mexican casserole,breakfast,user43@example.com
427531,light  chocolate chip oatmeal cookies,lunch,user44@example.com
389642,lighter  chocolate peanut butter pie,breakfast,user45@example.com
287235,lighter  pistachio pudding salad,breakfast,user46@example.com
110085,lite  tortillas,lunch,user47@example.com
371549,little kick  jalapeno burgers,lunch,user48@example.com
444320,loco moco  style hamburger steak with gravy,breakfast,user49@example.com
284465,lofthouse  sugar cookies,dinner,user50@example.com
376813,magic  chicken noodle soup,breakfast,user51@example.com
51506,magic  coleslaw,dinner,user52@example.com
134015,magic  cookie bars,lunch,user53@example.com
202195,mama mia  triple cheese mostaccioli bake,lunch,user54@example.com
407516,mamma mia  ravioli bites,lunch,user55@example.com
92113,mandarin  chicken,breakfast,user56@example.com
354047,marco    polenta,breakfast,user57@example.com
230565,margarita  dip,lunch,user58@example.com
134085,mcgriddle  pancakes breakfast sandwich,dinner,user59@example.com
38811,meat   potatoes  meatloaf,lunch,user60@example.com
185520,meat ralf  makeover,lunch,user61@example.com
390230,melanie s  chicken chili,lunch,user62@example.com
401605,missy s  sweet potato casserole,dinner,user63@example.com
356849,mohnstrietzel   german poppy seed cake,dinner,user64@example.com
393988,mom s amazing banana bread,dinner,user65@example.com
360444,mom s chicken,lunch,user66@example.com
192390,moose milk,breakfast,user67@example.com
446452,mostly  clean eating granola bars,lunch,user68@example.com
454621,muffalata  sandwich by any name tastes great,dinner,user69@example.com
440388,nachos  casserole,lunch,user70@example.com
246224,naked  grilled salmon,lunch,user71@example.com
484992,navajo style  peach crisp  vegan friendly,breakfast,user72@example.com
276865,need a pick me up  banana peanut butter smoothie  no,lunch,user73@example.com
172744,new  mashed potatoes,breakfast,user74@example.com
147212,next to sex  dessert,dinner,user75@example.com
214193,no egg  tomato soup cake,lunch,user76@example.com
361927,no fettuccine  spaghetti alfredo,dinner,user77@example.com
450466,no fuss  easy baked artichokes,dinner,user78@example.com
439143,no more fears  paella,lunch,user79@example.com
298874,no sausage     gravy for biscuits and gravy,breakfast,user80@example.com
140196,no time flat  nuked nachos with salsa and cheese,dinner,user81@example.com
196006,not too sweet  sweet potatoes,lunch,user82@example.com
409229,not your average spuds,dinner,user83@example.com
174469,off the boat  sicilian pasta sauce,lunch,user84@example.com
296051,oh boy  waffles,dinner,user85@example.com
256763,oh i love this   cheesecake,dinner,user86@example.com
306590,old bay  grilled steak fries,lunch,user87@example.com
52289,old reliable  french bread  for kitchen aid mixers,lunch,user88@example.com
433071,olive garden  salad and dressing recipe,dinner,user89@example.com
218648,one of  cookies  no bake  4 ingredients,breakfast,user90@example.com
146447,one pot   dinner,lunch,user91@example.com
256734,oopah    feta chicken breasts,dinner,user92@example.com
212028,oops  there it is   chocolate cake low fat,lunch,user93@example.com
408303,orange  soup,dinner,user94@example.com
25512,p anana confetti circles,lunch,user95@example.com
363904,pancakes  in a bowl,breakfast,user96@example.com
481157,pantry raid  chicken enchilada casserole,lunch,user97@example.com
18719,payday  candy bar squares,breakfast,user98@example.com
335539,peanut butter   jam sandwich   muffins,dinner,user99@example.com
303944,peas  fit for a king or queen,dinner,user100@example.com
443720,perfect chocolate cake  mccall s cooking school,dinner,user1@example.com
407098,philly  guacamole dip,breakfast,user2@example.com
285568,philly  roll sushi,dinner,user3@example.com
432027,pink stuff,breakfast,user4@example.com
207743,pita the great    tuna salad,dinner,user5@example.com
299968,pizza  beans,dinner,user6@example.com
464946,please make those meatballs    crockpot meatballs,lunch,user7@example.com
130642,puerto rican style  fried rice,lunch,user8@example.com
395202,pumpkin pie  filling for mexico,dinner,user9@example.com
335495,radler mass   german beer cooler,breakfast,user10@example.com
192542,rainbow chicken strips,breakfast,user11@example.com
315110,rathu isso curry  sri lankan red prawn curry,breakfast,user12@example.com
368878,real  strawberry pie with french cream topping,breakfast,user13@example.com
147563,reasonable  lemon chicken and potatoes,breakfast,user14@example.com
207466,ritz  y chicken,breakfast,user15@example.com
193719,royal  turkey stuffing,breakfast,user16@example.com
251976,s wonderful carrot and raisin salad,dinner,user17@example.com
334501,sannich  in soup,dinner,user18@example.com
123117,sara lee   pound cake   copycat,breakfast,user19@example.com
38852,second only to my meatloaf  meatballs,lunch,user20@example.com
181808,sexy  sauce,dinner,user21@example.com
291073,sherried  mushroom sauce,breakfast,user22@example.com
186143,sin free  fries,breakfast,user23@example.com
250232,skinny  fries,breakfast,user24@example.com
411859,smells like stuffing  no knead bread,lunch,user25@example.com
382731,sneaky  chocolate zucchini cupcakes kids love,breakfast,user26@example.com
134787,so i cheated  refrigerator dills,dinner,user27@example.com
154576,soft as wonder   white bread,lunch,user28@example.com
222030,soft serve  vanilla ice cream,dinner,user29@example.com
52565,somebody stole my cookie  cookies,lunch,user30@example.com
103393,soup  er no peel potatoes,breakfast,user31@example.com
358626,souped up  veggie dip,dinner,user32@example.com
53152,souper  easy macaroni and cheese,dinner,user33@example.com
211322,special  oatmeal cookies   vegan,breakfast,user34@example.com
251714,special  salsa     for parties,lunch,user35@example.com
343821,starbucks  oat fudge bars,breakfast,user36@example.com
168420,steel magnolias cuppa cake,breakfast,user37@example.com
402351,string pie,dinner,user38@example.com
319381,struttin  sauce  for kansas city sloppy ribs,dinner,user39@example.com
489707,stuffed cabbage  soup,dinner,user40@example.com
389301,subway  white chocolate macadamia nut cookies,dinner,user41@example.com
29916,sweet dreams  shake,lunch,user42@example.com
36482,sweet  carrots,dinner,user43@example.com
98844,swiss  round steak with onion gravy,dinner,user44@example.com
65207,taffy apple  cakies,breakfast,user45@example.com
496766,take me to spain  tortilla espanola  5fix,lunch,user46@example.com
140746,the best   beef stroganoff,breakfast,user47@example.com
302344,the cake of wisdom,lunch,user48@example.com
56036,the cake,lunch,user49@example.com
74284,the frugal gourmet s  southern barbecue sauce,dinner,user50@example.com
361017,the gumbo pages  traditional red beans and rice,lunch,user51@example.com
437219,the heat  spicy party mix,lunch,user52@example.com
467076,the heavy one  cheesecake,dinner,user53@example.com
327141,the other white meat  chicken salad sandwich,dinner,user54@example.com
342698,the ultimate brownie,dinner,user55@example.com
304814,the  marinade,lunch,user56@example.com
387488,thetis queen  albacore tuna tacones with spicy spot p,dinner,user57@example.com
81280,those  chocolate cookies,breakfast,user58@example.com
261482,three sisters  stew,lunch,user59@example.com
77380,three cheese  cheese ball,breakfast,user60@example.com
240369,tofu noodle  tuna casserole,breakfast,user61@example.com
340730,tomato  sauce,lunch,user62@example.com
334951,trash bag  taco salad,dinner,user63@example.com
305987,tummy crisis  dried apricot and muesli muffins,breakfast,user64@example.com
337893,turn the oven off  cookies,breakfast,user65@example.com
157160,tuxedo  chocolate covered strawberries,dinner,user66@example.com
35632,twist your own way  mayonnaise  this one is with garlic twist,breakfast,user67@example.com
141712,twisted  chicken salad,lunch,user68@example.com
21357,u  wing it pork loin chops,breakfast,user69@example.com
205443,vegan mac un cheese,lunch,user70@example.com
201813,vodka still works,lunch,user71@example.com
198343,we re going bananas  bread,dinner,user72@example.com
279176,weight watchers   ice cream  sandwiches del,lunch,user73@example.com
532472,west african s finest  mafe,dinner,user74@example.com
32204,whatever floats your boat  brownies,dinner,user75@example.com
378540,whitt s  bbq sauce,lunch,user76@example.com
293049,wicked  chocolate chip muffins,dinner,user77@example.com
104773,wish i made more  yeast potato lem orange rolls,breakfast,user78@example.com
129919,wolf creek inn  macaroni   cheese,breakfast,user79@example.com
391335,wolfpack  pork sandwich,lunch,user80@example.com
383339,world s best  macaroni   cheese,dinner,user81@example.com
96727,you like cheese   garlic bread spread,lunch,user82@example.com
474258,you want me to do what to the buttered noodles,lunch,user83@example.com
209322,you won t believe they are baked  chicken fingers,lunch,user84@example.com
60454,you ll never miss the noodles  lasagna,lunch,user85@example.com
240447,ber quick banoffee pudding   dessert,breakfast,user86@example.com
375376,miracle  honey oatmeal bread  gluten free,breakfast,user87@example.com
160398,tis an irish lamb stew,lunch,user88@example.com
350400,utah   scones  deep fried,dinner,user89@example.com
280251,57 chevy,dinner,user90@example.com
242761,57 chevy  alcoholic drink,dinner,user91@example.com
11878,90s style meatloaf,dinner,user92@example.com
385823,akwa   traditional yemeni oxtail stew,breakfast,user93@example.com
22711,all purpose  marinade  especially nice used with beef,lunch,user94@example.com
98821,better than sex  cheese ball,breakfast,user95@example.com
152534,big mac  pizza,lunch,user96@example.com
423516,chicken  and lime soup  vegan,lunch,user97@example.com
418756,chicken  tikka masala   vegan style,breakfast,user98@example.com
481195,chinese buffet  green beans,dinner,user99@example.com
53312,clean out the fridge  soup,breakfast,user100@example.com
51922,cream  of mushroom soup,lunch,user1@example.com
11363,denny s  vegetable beef barley soup,breakfast,user2@example.com
63131,get up   go  bars,lunch,user3@example.com
108819,good for you  berry truffles,breakfast,user4@example.com
344420,guacamole  dip,breakfast,user5@example.com
292317,ibarra  hot chocolate lovers,dinner,user6@example.com
79313,killer  shrimp,breakfast,user7@example.com
282644,kinda sorta  hungarian goulash,breakfast,user8@example.com
19953,lighter  hamburger stroganoff,dinner,user9@example.com
97808,lil  john s oven deep pit,breakfast,user10@example.com
16451,lite  stuffed mushrooms,lunch,user11@example.com
84610,mazing mushrooms,breakfast,user12@example.com
116449,my thai  chicken soup,dinner,user13@example.com
24760,neezy peazy lunch,lunch,user14@example.com
261888,nilla wafer martini,breakfast,user15@example.com
133328,ohana breakfast bread,dinner,user16@example.com
196614,ohana cheesy scalloped potatoes  walt disney world,lunch,user17@example.com
238453,old style  pancakes,breakfast,user18@example.com
23078,panettone festive cake,lunch,user19@example.com
67142,po  wo man s cobbler,breakfast,user20@example.com
484624,pretty freaking awesome  pulled pork  crock pot,breakfast,user21@example.com
97968,sesame  noodles with peanut sauce,lunch,user22@example.com
87640,shrooms and sausage dressing,breakfast,user23@example.com
413910,sin amon brown sugar oatmeal,breakfast,user24@example.com
154187,so simple  cauliflower mash,dinner,user25@example.com
327979,spring in your step  smoothie  raw food,lunch,user26@example.com
196319,sweet  broccoli salad,dinner,user27@example.com
184785,taco  hot dogs,dinner,user28@example.com
15255,things go better with coke  brisket,dinner,user29@example.com
344648,tis the season coconut macaroons,dinner,user30@example.com
438092,tomokra   stewed tomatoes and okra,lunch,user31@example.com
265262,winter  marinara,dinner,user32@example.com
247277,leftover   turkey biryani with red onion and cilantro,lunch,user33@example.com
190891,terribly impressive   chorizo puffs,lunch,user34@example.com
449891,add adjective here  apple crisp,lunch,user35@example.com
163005,almost  grandma alta s meatballs  aka my favorite meatball,lunch,user36@example.com
473002,almost  my grandma s rouladen   melissa d arabian,lunch,user37@example.com
32088,almost  no fat chocolate cake,dinner,user38@example.com
286681,awesome   our family cranberry salad,dinner,user39@example.com
361328,balalit  saweeya or seviyan  sweet vermicelli breakfast,lunch,user40@example.com
376660,best ever  thai chicken curry,breakfast,user41@example.com
285666,bread machine  2 lb  traditional white bread,dinner,user42@example.com
159527,chive  goat cheese mashed potatoes,dinner,user43@example.com
220237,chocolate  cherry pecan biscotti,lunch,user44@example.com
375362,copycat  chi chi s cornbread,breakfast,user45@example.com
75408,copycat  kentucky fried chicken marinade,breakfast,user46@example.com
196548,copycat  la madeline s tomato basil soup,lunch,user47@example.com
399709,crock pot  chicken chili,dinner,user48@example.com
217296,different   irish soda bread,dinner,user49@example.com
55809,don t eat the  yellow snowman cookies,dinner,user50@example.com
198660,fake  crab stroganoff,lunch,user51@example.com
121107,fooled ya   spaghetti sauce,dinner,user52@example.com
98478,frozen  chicken in the crock pot,lunch,user53@example.com
420409,herman starter  sweet rolls,lunch,user54@example.com
393667,hot chocolate  cocoa blocks,lunch,user55@example.com
106902,i wanna live with a  cinnamon  girl  honey,dinner,user56@example.com
435816,iowa state fair  sweet dough caramel cinnamon rolls,dinner,user57@example.com
134086,jello  chocolate pudding pops,dinner,user58@example.com
246617,leftover  chicken  spinach and yellow pepper rice,breakfast,user59@example.com
221942,leftover  rice pudding,breakfast,user60@example.com
21816,lighter  lamb moussaka,dinner,user61@example.com
198073,make ahead  flaky sausage foldovers,breakfast,user62@example.com
169105,modified  banana bread by paula deen,lunch,user63@example.com
258868,my favourite  green tomato pickles,lunch,user64@example.com
15063,my own lazy day recipe   chicken noodle soup,breakfast,user65@example.com
202949,my way of   steamed cabbage,breakfast,user66@example.com
454944,never fail  fish   chips,dinner,user67@example.com
497150,new  vanishing oatmeal raisin cookies,dinner,user68@example.com
202840,no bake  lemon angel pie,breakfast,user69@example.com
392350,not  fried zucchini,dinner,user70@example.com
184214,not  meatballs,dinner,user71@example.com
99065,oven  chicken kiev,breakfast,user72@example.com
325657,paki  garam masala,dinner,user73@example.com
49737,panera bread  black bean soup,lunch,user74@example.com
15202,potatoes with garlic and cheese  pommes de terre a l ail,breakfast,user75@example.com
15211,potatoes  pommes anna,breakfast,user76@example.com
15209,potatoes  pommes lyonnaise,dinner,user77@example.com
187601,raw  angel hair zucchini  pasta  with fresh pesto,lunch,user78@example.com
37796,relatively  healthy cinnamon buns,dinner,user79@example.com
218687,relatively  healthy oatmeal scones,dinner,user80@example.com
127048,rhubarb  victoria sauce,dinner,user81@example.com
26420,shrimp  cocktail sauce,lunch,user82@example.com
142215,spanish  corn,dinner,user83@example.com
426696,spicy  pasta fagioli,dinner,user84@example.com
157808,super healthy  chewy granola bars,lunch,user85@example.com
229979,surprise   russian tea cakes,lunch,user86@example.com
128830,t w a   spaghetti sauce,breakfast,user87@example.com
128840,t w a  meatballs for spaghetti,breakfast,user88@example.com
436082,the best  vegetarian vegan vegetable samosas,dinner,user89@example.com
407659,un refried beans,dinner,user90@example.com
87289,un stuffed pork chops with mushroom sauce,lunch,user91@example.com
432965,very  simple fried rice,dinner,user92@example.com
266021,real   spanish rice,breakfast,user93@example.com
215290,rita s lasagna,breakfast,user94@example.com
147286,chewy english flapjack,lunch,user95@example.com
407471,guaranteed 5 star banana cake,lunch,user96@example.com
367828,copycat   costa vida green rice,dinner,user97@example.com
367823,copycat   costa vida ranch salad dressing,dinner,user98@example.com
349331,hot kielbasa dip,breakfast,user99@example.com
429248,minestrone salad,lunch,user100@example.com
483908,real   somali tea,dinner,user1@example.com
154007,creamy chicken pot pie     pies   pot pies  easy   yummy,lunch,user2@example.com
187210,another  cajun seasoning,breakfast,user3@example.com
218967,baked mozzarella sticks,breakfast,user4@example.com
140610,heavenly  fiber muffins,breakfast,user5@example.com
79736,holiday punch   cheers,dinner,user6@example.com
230686,low calorie  lemon chiffon pie,lunch,user7@example.com
470837,no cook summer pasta,dinner,user8@example.com
483029,s w o c   pie cookies,lunch,user9@example.com
422277,spaghetti squares,breakfast,user10@example.com
392181,the real  black tie mousse cake by olive garden,lunch,user11@example.com
468143,ultimate  dark chocolate oreo truffle,dinner,user12@example.com
344503,disgustingly rich  brownies,lunch,user13@example.com
362654,tasty s    hidden mickey surprise snack,breakfast,user14@example.com
157657,chicken cheddar crepes with  mushrooms,breakfast,user15@example.com
468652,tasty dish s      not so hot  pumpkin pie steamer for 2,lunch,user16@example.com
251800,tasty dish s    heffalumps and woozles,dinner,user17@example.com
423369,tasty s    deluxe cinnamon toast,lunch,user18@example.com
374703,tasty s    the power of flower7 salad,lunch,user19@example.com
370567,tasty   approved golden quesadillas,breakfast,user20@example.com
100837,hawaiian sunrise           mimosa,lunch,user21@example.com
368257,,lunch,user22@example.com
365158,4 cheese baked ziti,dinner,user23@example.com
484526,baked potato   baked  microwaved or grilled,breakfast,user24@example.com
118801,light   berry loaf,dinner,user25@example.com
146093,macaroni   cheese my way,breakfast,user26@example.com
269443,spicy cheese dip,dinner,user27@example.com
286484,tasty dish s   banana pudding in 2 minutes,breakfast,user28@example.com
303978,v s kicked up baked beans  slow cooker,dinner,user29@example.com
323492,from stephanie s kitchen,dinner,user30@example.com
283618,0 carb   0 cal gummy worms,dinner,user31@example.com
480558,0 point ice cream  only 1 ingredient,breakfast,user32@example.com
416980,0 point soup  crock pot,lunch,user33@example.com
391705,0 point soup   ww,dinner,user34@example.com
176996,0 fat chunky watermelon salsa,breakfast,user35@example.com
249911,007 cocktail,dinner,user36@example.com
255928,1 2 3 banana split ice cream cake,lunch,user37@example.com
236346,1 bowl 1 person mashed potatoes,lunch,user38@example.com
316669,1 cup of coffee pork roast,dinner,user39@example.com
190411,1 dish pizza bake,dinner,user40@example.com
316221,1 hour cinnamon rolls,lunch,user41@example.com
444002,1 lb abm hawaiian sweet bread,lunch,user42@example.com
290187,1 minute cake,breakfast,user43@example.com
112386,1 minute chili cheese burritos,dinner,user44@example.com
11361,1 minute meatballs,lunch,user45@example.com
248676,1 minute stromboli,breakfast,user46@example.com
359972,1 minute  no bake  cereal bar,dinner,user47@example.com
427872,1 minute  no bake  chocolatey cereal bites,lunch,user48@example.com
357474,1 minute  no bake  cocoa delicacy,breakfast,user49@example.com
29935,1 pan fudge cake,lunch,user50@example.com
459738,1 point plus   hg s faux fried pickles,dinner,user51@example.com
458929,1 point plus   hg s veggied up veggie dip,breakfast,user52@example.com
458729,1 point plus   roasted asparagus with lemon and chives,lunch,user53@example.com
447710,1 pot  4 item   sausage suprise,dinner,user54@example.com
374271,1 potato 2 potato,dinner,user55@example.com
187843,1 pound gluten free lasagna,breakfast,user56@example.com
78123,1 spicy sweet honey chili,lunch,user57@example.com
420931,1 turkey meatloaf  with sun dried tomatoes and feta,breakfast,user58@example.com
111198,1 001 nights cake,breakfast,user59@example.com
276330,1 2 3 hors d oeuvres,breakfast,user60@example.com
103811,1 2 3 4  tater tot casserole,dinner,user61@example.com
56719,1 2 3 4 5 chinese spareribs,lunch,user62@example.com
164636,1 1 1 tempura batter,dinner,user63@example.com
58321,1 1 2 ingredient fiber crust,breakfast,user64@example.com
100864,1 2 3 apple crisp,breakfast,user65@example.com
332651,1 2 3 balsamic chicken,dinner,user66@example.com
146767,1 2 3 biscuits,dinner,user67@example.com
102895,1 2 3 black bean salsa dip,lunch,user68@example.com
33246,1 2 3 bread,lunch,user69@example.com
14881,1 2 3 chicken supper,breakfast,user70@example.com
493178,1 2 3 chicken vegetable rice,dinner,user71@example.com
302498,1 2 3 enchiladas,lunch,user72@example.com
13805,1 2 3 granola,lunch,user73@example.com
378067,1 2 3 ground turkey mexican rice,dinner,user74@example.com
164100,1 2 3 hash browns pie   k,dinner,user75@example.com
266081,1 2 3 healthy soup,dinner,user76@example.com
206648,1 2 3 hot chocolate,dinner,user77@example.com
207897,1 2 3 jambalaya,lunch,user78@example.com
320454,1 2 3 peach cobbler,breakfast,user79@example.com
377326,1 2 3 peanut butter cookies,lunch,user80@example.com
216873,1 2 3 rice and chili burritos,lunch,user81@example.com
407947,1 2 3 steak on noodles,breakfast,user82@example.com
389672,1 2 3 4 bars,dinner,user83@example.com
111072,1 2 3 4 cake,lunch,user84@example.com
165438,1 2 3 4 cake  orange,breakfast,user85@example.com
80411,1 2 3 4 cake with caramel icing,breakfast,user86@example.com
149243,1 2 3 4 coconut cake,lunch,user87@example.com
247646,1 bowl fudgy brownies,dinner,user88@example.com
256535,1 dish caramel pecan coffee cake  round,breakfast,user89@example.com
267159,1 dish hot fudge swirl cake,breakfast,user90@example.com
401283,1 dish italian 5 cheese pizza bake,breakfast,user91@example.com
165274,1 gram fat chocolate banana freezer pops,breakfast,user92@example.com
211938,1 gram fat pumpkin spice muffins  low fat,lunch,user93@example.com
217180,1 hour  smoky ham and lentil soup,dinner,user94@example.com
47924,1 hour ham and bean soup,dinner,user95@example.com
418500,1 ingredient ice cream,dinner,user96@example.com
137296,1 minute apple tortilla,dinner,user97@example.com
428566,1 minute blueberries   cream,dinner,user98@example.com
533190,1 minute breakfast sandwich,breakfast,user99@example.com
291956,1 pot curried rotini with currants  peas and red peppers,dinner,user100@example.com
385464,1 5 quart crock pot rice pudding,breakfast,user1@example.com
385460,1 5 quart crock pot risotto,breakfast,user2@example.com
172373,1 2 cup soup,lunch,user3@example.com
12983,1 2 hour raisin pudding,breakfast,user4@example.com
240165,1 2 way brownies,breakfast,user5@example.com
344373,1 3  pound squeeze burger,breakfast,user6@example.com
348965,10 bean soup,dinner,user7@example.com
478546,10 calorie chocolate miracle noodle cookies,dinner,user8@example.com
168663,10 carb mocha,lunch,user9@example.com
40228,10 clove stove top roast,lunch,user10@example.com
433667,10 grain bread,dinner,user11@example.com
351229,10 grain muffins,breakfast,user12@example.com
169849,10 grain sorta healthy cookies,dinner,user13@example.com
365138,10 layer meat veggie and potato dish,dinner,user14@example.com
459089,10 layer salad,breakfast,user15@example.com
255985,10 lb  lasagna,lunch,user16@example.com
244971,10 min cheesy gnocchi with seafood sauce,breakfast,user17@example.com
39169,10 min japanese simmered tofu hot pot,lunch,user18@example.com
248672,10 minute  fat free  veggie soup for one,lunch,user19@example.com
88740,10 minute   quick and easy chocolate brownie pudding cake,breakfast,user20@example.com
121344,10 minute applesauce   alton brown,breakfast,user21@example.com
176593,10 minute blueberry layer cake,lunch,user22@example.com
132955,10 minute cheesy mexican rice,breakfast,user23@example.com
402246,10 minute chocolate self saucing pudding,breakfast,user24@example.com
83417,10 minute cream of mushroom soup,breakfast,user25@example.com
94547,10 minute creamed spinach,breakfast,user26@example.com
262768,10 minute delicious cherry delight,breakfast,user27@example.com
390932,10 minute french bread,dinner,user28@example.com
287573,10 minute german chocolate pie,breakfast,user29@example.com
310869,10 minute lasagna,lunch,user30@example.com
163492,10 minute low fat potato salad,dinner,user31@example.com
8606,10 minute mushroom spaghetti sauce,breakfast,user32@example.com
181656,10 minute paella,dinner,user33@example.com
389560,10 minute pizza snacks,breakfast,user34@example.com
85434,10 minute rocky road,lunch,user35@example.com
90499,10 minute smothered chicken,lunch,user36@example.com
272869,10 minute sponge pudding,breakfast,user37@example.com
57203,10 minute szechuan chicken,dinner,user38@example.com
429838,10 minute tomato sauce from america s test kitchen,breakfast,user39@example.com
289559,10 minute tvp tacos,lunch,user40@example.com
349293,10 minute tvp tacos  modified   hot single guy version,breakfast,user41@example.com
509443,10 out of 10 chicken breast,breakfast,user42@example.com
423880,10 second mango yogurt smoothie,breakfast,user43@example.com
127184,10  bars,dinner,user44@example.com
131582,10  minute mustard dip,dinner,user45@example.com
141738,10 10 10 bread,lunch,user46@example.com
470575,10 bean soup,lunch,user47@example.com
180817,10 grain orange bread,lunch,user48@example.com
133326,10 layer poor man s lasagna casserole,breakfast,user49@example.com
359203,10 minute baked halibut with garlic butter sauce,breakfast,user50@example.com
185088,10 minute baked ziti,breakfast,user51@example.com
215039,10 minute buffalo shrimp with blue cheese dip,dinner,user52@example.com
133481,10 minute calzones,dinner,user53@example.com
513963,10 minute lime pie,dinner,user54@example.com
300960,10 minute marinara sauce,breakfast,user55@example.com
98213,10 minute pork lo mein,lunch,user56@example.com
531143,10 minute shrimp pad thai,breakfast,user57@example.com
213395,10 minute tuscan tomato soup with parmesan toasts,breakfast,user58@example.com
286624,10 minute valentines candies,dinner,user59@example.com
27060,100   whole wheat,dinner,user60@example.com
82530,100   whole wheat bread,lunch,user61@example.com
334201,100 calorie cinnamon pancakes,breakfast,user62@example.com
358003,100 calorie cinnamon raisin oatmeal for one   microwave,breakfast,user63@example.com
482111,100 calorie coffee,lunch,user64@example.com
286807,100 calorie fruit cupcakes,dinner,user65@example.com
457730,100 calorie no bake whey protein bar cookies,lunch,user66@example.com
127743,100 good cookies,breakfast,user67@example.com
368029,100 year old  new zealand lamb dish    i have used deer  w this,breakfast,user68@example.com
135933,100 year old pancakes,breakfast,user69@example.com
126072,100 year old pie crust,dinner,user70@example.com
20238,100 year old souffle,dinner,user71@example.com
129377,100 year old old fashioned cream pie,dinner,user72@example.com
402119,100 year old pie crust  pastry dough,dinner,user73@example.com
289509,100  authentic vietnamese dipping sauce  nuoc cham,lunch,user74@example.com
417632,100  healthy   lucious spice cake  low calorie,breakfast,user75@example.com
151775,100  honey whole wheat cracked wheat bread,breakfast,user76@example.com
83703,100  parmesan chicken,breakfast,user77@example.com
239306,100  raw thai salad,dinner,user78@example.com
89434,100  semolina bread,breakfast,user79@example.com
468112,100  spelt bread  bread machine,lunch,user80@example.com
458576,100  whole grain bread with biga soaker,lunch,user81@example.com
146813,100  whole grain pizza dough,lunch,user82@example.com
181106,100  whole grain wheat bread,lunch,user83@example.com
632,100  whole wheat blueberry muffins,lunch,user84@example.com
6652,100  whole wheat bread,breakfast,user85@example.com
292147,100  whole wheat bread  abm,lunch,user86@example.com
221429,100  whole wheat bread  bread machine,lunch,user87@example.com
139353,100  whole wheat bread  non dense heavy  white bread texture,lunch,user88@example.com
470360,100  whole wheat bread for bread machine,lunch,user89@example.com
418387,100  whole wheat bread  plain and simple  no knead,dinner,user90@example.com
382300,100  whole wheat bread low fat and good,lunch,user91@example.com
223872,100  whole wheat burger hot dog buns,lunch,user92@example.com
218671,100  whole wheat buttermilk pancakes,breakfast,user93@example.com
430121,100  whole wheat graham crackers or pie crust,lunch,user94@example.com
268681,100  whole wheat irish soda bread,breakfast,user95@example.com
151328,100  whole wheat low fat pancakes,lunch,user96@example.com
203134,100  whole wheat muffins,lunch,user97@example.com
436030,100  whole wheat pizza dough and pizza tips,breakfast,user98@example.com
320924,100  whole wheat rolls,lunch,user99@example.com
220503,100  whole wheat sour cream biscuits,dinner,user100@example.com
336323,100  whole wheat wholesome muffin mix,lunch,user1@example.com
325137,100  whole wheat zucchini bread,dinner,user2@example.com
486979,100  whole wheat  multipurpose dough   pizza  buns  bread,breakfast,user3@example.com
22774,100  yummy banana bread,breakfast,user4@example.com
79425,100 000 calorie bars,dinner,user5@example.com
213681,100 stroke banana bread,lunch,user6@example.com
121712,1000 island vegetable dip,lunch,user7@example.com
155344,1000 island style salad dressing,lunch,user8@example.com
175339,101 super cookies,breakfast,user9@example.com
72600,108 mile spinach bacon salad,lunch,user10@example.com
50614,11 layer salad,lunch,user11@example.com
133784,11 secret herbs and spices  kfc copycat,breakfast,user12@example.com
235003,110 in the shade,dinner,user13@example.com
140723,11th hour spinach caesar salad,lunch,user14@example.com
326839,12 cheese stuffed shells,breakfast,user15@example.com
467326,12 grain bread  bread machine,lunch,user16@example.com
43669,12 minute corn chowder,breakfast,user17@example.com
73566,12 minute pasta,dinner,user18@example.com
449768,12 hour tomatoes,lunch,user19@example.com
404661,1200 watt microwave peanut brittle,dinner,user20@example.com
381713,123 baked kibbee,breakfast,user21@example.com
257696,123 cake,breakfast,user22@example.com
187606,123 chicken,lunch,user23@example.com
91515,123 chocolate pinwheel pudding,lunch,user24@example.com
289891,1234 cake,dinner,user25@example.com
412073,13 bean crock pot soup,lunch,user26@example.com
123746,13 crackers meatloaf,breakfast,user27@example.com
206020,13 minute beef tenderloin with horseradish sauce,breakfast,user28@example.com
345595,14 carrot cake,breakfast,user29@example.com
129227,14 day coleslaw,breakfast,user30@example.com
472955,14 day pickles,dinner,user31@example.com
17490,14 day unsealed pickles,breakfast,user32@example.com
130002,14 karat cake,dinner,user33@example.com
53353,14 minute maple candy,lunch,user34@example.com
105756,14 bean soup,lunch,user35@example.com
307362,15   minute easy enchiladas,lunch,user36@example.com
51803,15 bean soup,dinner,user37@example.com
438263,15 bean soup  crock pot,dinner,user38@example.com
525649,15 bean soup in the instant pot,dinner,user39@example.com
115160,15 layer russian honey cake,breakfast,user40@example.com
168222,15 minute baked halibut with herbs,breakfast,user41@example.com
140172,15 minute beef stew,lunch,user42@example.com
305112,15 minute black bean chili,lunch,user43@example.com
53481,15 minute cheeseburger rice,dinner,user44@example.com
76887,15 minute cheesy chili  n rice skillet,breakfast,user45@example.com
392598,15 minute chicken and rice dinner,lunch,user46@example.com
113197,15 minute chicken fajitas,lunch,user47@example.com
398071,15 minute chicken tortilla soup,breakfast,user48@example.com
66527,15 minute chicken  broccoli  and rice dinner,breakfast,user49@example.com
184890,15 minute chili,breakfast,user50@example.com
79046,15 minute chili and rice wraps,dinner,user51@example.com
356163,15 minute chili cheeseburger skillet,dinner,user52@example.com
41673,15 minute chili sauce,dinner,user53@example.com
506885,15 minute creamy sun tomato basil cashew pasta,lunch,user54@example.com
277539,15 minute enchilada sauce,breakfast,user55@example.com
169487,15 minute fat free cheesecake,lunch,user56@example.com
317587,15 minute florentine pasta salad,breakfast,user57@example.com
20624,15 minute garlic lemon chicken,dinner,user58@example.com
360232,15 minute greek garbanzo bean salad,lunch,user59@example.com
246548,15 minute italian chicken   rice with vegetables,lunch,user60@example.com
67446,15 minute lemon cheesecake,lunch,user61@example.com
153028,15 minute no bake chocolate peanut butter fudge,lunch,user62@example.com
172651,15 minute pasta combo,lunch,user63@example.com
348952,15 minute pork fried rice,lunch,user64@example.com
5276,15 minute red beans   rice,breakfast,user65@example.com
140173,15 minute shrimp carbonara fettuccine,lunch,user66@example.com
31184,15 minute shrimp scampi,lunch,user67@example.com
164178,15 minute spaghetti sauce,lunch,user68@example.com
289025,15 minute stir fried chicken   asparagus,dinner,user69@example.com
287502,15 minute stove top macaroni  n cheese,breakfast,user70@example.com
75079,15 minute stroganoff,lunch,user71@example.com
147100,15 minute taco in a pan,dinner,user72@example.com
233317,15 minute tiger prawns with chinese greens,breakfast,user73@example.com
109793,15 minute vanilla rice pudding,breakfast,user74@example.com
291409,15 minute vegetarian chili,lunch,user75@example.com
27275,15 minutes creamy fettuccine alfredo,breakfast,user76@example.com
282812,15 minutes oatmeal  rice cooker,breakfast,user77@example.com
311608,15  bean soup,lunch,user78@example.com
382234,15 minute beef and bean chili skillet,breakfast,user79@example.com
237391,15 minute chicken liver pate,lunch,user80@example.com
266997,15 minute chili   easy  hearty and good,lunch,user81@example.com
21916,15 minute jello trifle,dinner,user82@example.com
229451,15 minute marinated chicken,dinner,user83@example.com
204040,15 minute microwaved rice,breakfast,user84@example.com
82287,15 minute no fry chicken enchiladas  honest,lunch,user85@example.com
302815,15 minute parmesan pasta,breakfast,user86@example.com
311842,15 minute shrimp,dinner,user87@example.com
531148,15 minute shrimp stir fry,dinner,user88@example.com
364157,15 minute white bean soup,dinner,user89@example.com
411979,16 bean soup  crockpot,dinner,user90@example.com
102832,16 day pickles,dinner,user91@example.com
246180,16 hour pulled pork,lunch,user92@example.com
224908,16 oz  coffee liqueur,dinner,user93@example.com
364761,16 quart chicken corn soup,dinner,user94@example.com
489337,17 day diet   turkey eggplant parmesan,dinner,user95@example.com
262448,17 twist,lunch,user96@example.com
294427,1789  apple  arugula salad with aged gouda and crisped pancetta,lunch,user97@example.com
328436,18 carrot cupcakes,lunch,user98@example.com
357228,1880 chocolate spice cake  with icing,breakfast,user99@example.com
50246,1890 cream cake,dinner,user100@example.com
400187,1890 san antonio enchilada sauce,dinner,user1@example.com
67421,1898 potato dumplings,lunch,user2@example.com
238815,18th century drunken english somerset cider chicken with honey,lunch,user3@example.com
240311,1900 park fare bread pudding  disney,lunch,user4@example.com
240314,1900 park fare vanilla sauce  disney,breakfast,user5@example.com
242259,1905 blue ribbon fruit cup,breakfast,user6@example.com
315063,1905 salad dressing recipe,dinner,user7@example.com
503440,1917 war cake,lunch,user8@example.com
124275,1927 eskimo cup,dinner,user9@example.com
450534,1927 peanut butter bread,lunch,user10@example.com
124279,1928 award winning gold cake,dinner,user11@example.com
400903,1930 recipe for mincemeat cake,lunch,user12@example.com
250900,1930 s apple and nut pie,breakfast,user13@example.com
50248,1931 coconut patties,lunch,user14@example.com
219485,1937 strawberry shortcake,lunch,user15@example.com
454763,1940 s best carrot cake recipe,breakfast,user16@example.com
42363,1940 s coleslaw,lunch,user17@example.com
160494,1940s vinegar cake    egg free,breakfast,user18@example.com
143942,1947 date nut bread,breakfast,user19@example.com
394049,1949  spanish  rice,lunch,user20@example.com
221166,1949 country style steak,dinner,user21@example.com
254267,1950 s brownies,dinner,user22@example.com
109232,1950 s hamburger goulash,breakfast,user23@example.com
275691,1950 s meatloaf,dinner,user24@example.com
404233,1950 s uncooked fruit cake,breakfast,user25@example.com
461235,1950s picture salad   peach and cottage cheese,breakfast,user26@example.com
107777,1953 meatloaf,breakfast,user27@example.com
201094,1960 original kentucky buttermilk biscuit,lunch,user28@example.com
245950,1960 tomato gravy,lunch,user29@example.com
33561,1960 s catalina dressing,dinner,user30@example.com
366895,1978 bhg reuben chowder,dinner,user31@example.com
376468,1980 s pistachio fluff,lunch,user32@example.com
392368,1980 s weight watchers veggie soup,dinner,user33@example.com
170336,1995 1st place  swedish spice cookies,dinner,user34@example.com
471666,1  2  3  swiss meringue buttercream,breakfast,user35@example.com
388578,1st place banana nut bread,breakfast,user36@example.com
360881,1st place fair cheese bread,breakfast,user37@example.com
461437,1st place lemon ice cream  for ice cream maker,lunch,user38@example.com
144117,1st time host stuffing,breakfast,user39@example.com
431624,2 bean chili,lunch,user40@example.com
312406,2 bean soup  crock pot,breakfast,user41@example.com
453243,2 by 4 soup,dinner,user42@example.com
79372,2 c s shake,lunch,user43@example.com
101260,2 day herb marinated pimiento stuffed olives,dinner,user44@example.com
100340,2 hour buns,breakfast,user45@example.com
104571,2 hour turkey,lunch,user46@example.com
108955,2 in 1   herbed chicken   leftover chicken salad,breakfast,user47@example.com
490759,2 ingerdient orange slushies,breakfast,user48@example.com
105452,2 ingredient   fudge,breakfast,user49@example.com
266037,2 ingredient 3 minute fudge,dinner,user50@example.com
496213,2 ingredient cookies,lunch,user51@example.com
271663,2 ingredient easy pink raspberry punch,lunch,user52@example.com
400243,2 ingredient peach sorbet,lunch,user53@example.com
293320,2 ingredient pineapple cake  with pineapple sauce,breakfast,user54@example.com
260781,2 ingredient pumpkin muffins,breakfast,user55@example.com
399828,2 ingredient toasted coconut macaroon cookie creations,breakfast,user56@example.com
501408,2 ingredients  eggs   banana  pancakes,breakfast,user57@example.com
420062,2 juice citrusade,dinner,user58@example.com
448508,2 kind apple halva,breakfast,user59@example.com
181244,2 layer baked ziti,breakfast,user60@example.com
256464,2 minute broccoli,dinner,user61@example.com
405737,2 minute carbonara,dinner,user62@example.com
315678,2 minute corn on the cob,lunch,user63@example.com
104927,2 minute dinner,dinner,user64@example.com
44972,2 minute fudge,breakfast,user65@example.com
122791,2 minute low fat strawberry and banana custard comfort food,breakfast,user66@example.com
100051,2 minute mayonnaise,dinner,user67@example.com
517511,2 minute microwave brownie in a mug,dinner,user68@example.com
43703,2 minute microwave fudge,lunch,user69@example.com
354010,2 minute peanut butter protein shake,lunch,user70@example.com
195810,2 minute pizza  or pastry crust,breakfast,user71@example.com
66469,2 minute scallops,dinner,user72@example.com
395471,2 point banana muffins,breakfast,user73@example.com
458255,2 points plus   broccoli rabe with garlic and parmesan,breakfast,user74@example.com
458467,2 points plus   crunchy veggie rolls with peanut dipping sauce,breakfast,user75@example.com
143234,2 pot stove top unstuffed cabbage rolls,lunch,user76@example.com
19281,2 sauces for basting or dipping,breakfast,user77@example.com
249457,2 texans craving salsa far from home,dinner,user78@example.com
20930,2 tomato pasta salad,lunch,user79@example.com
246457,2 vegetarian dips  served w crudites   baguette bread,dinner,user80@example.com
214264,2 x 2 cottage cheese smoothie,breakfast,user81@example.com
148362,2 5 challenge friendly real pasta sauce,dinner,user82@example.com
77497,2  handed kitchen sink tomato sandwich,breakfast,user83@example.com
122497,2  ingredient purple cow,lunch,user84@example.com
85118,2  step pasta sensation,breakfast,user85@example.com
416599,2 2 2 diet mocha,breakfast,user86@example.com
193899,2 4 6 8 ranch dip,breakfast,user87@example.com
39280,2 alarm chili,lunch,user88@example.com
203378,2 cheese mushroom toast,lunch,user89@example.com
490284,2 hour turkey  really,breakfast,user90@example.com
289160,2 ingredient punch  mock champagne punch,dinner,user91@example.com
513216,2 minute eggless microwave chocolate cake,dinner,user92@example.com
388669,2 minute microwave lime cheesecake,breakfast,user93@example.com
320442,2 minute noodle corn pancakes,breakfast,user94@example.com
182904,2 minute noodles for two with ham   cheese,lunch,user95@example.com
422611,2 minute zingy minty cucumber slices,lunch,user96@example.com
290008,2 point play,lunch,user97@example.com
427175,2 second italian bread olive oil dip,lunch,user98@example.com
216014,2 step garlic pork chops,dinner,user99@example.com
144841,2 step pound cake  for a kitchen aide mixer,lunch,user100@example.com
4764,2 step pumpkin cheesecake,dinner,user1@example.com
162657,2   baby potatoes with rosemary,lunch,user2@example.com
250347,20 min  sour cream chicken enchiladas,lunch,user3@example.com
313624,20 minute chicken alfredo recipe,breakfast,user4@example.com
160776,20 minute chicken nuggets,lunch,user5@example.com
104732,20 minute creamy pesto chicken and bow ties,breakfast,user6@example.com
138700,20 minute easy ravioli  or tortellini bolognese,dinner,user7@example.com
17231,20 minute garlic rosemary chicken   brown rice dinner,dinner,user8@example.com
472957,20 minute honey granola   easy,lunch,user9@example.com
88418,20 minute mexican rice,breakfast,user10@example.com
106447,20 minute mini meat loaves,breakfast,user11@example.com
432997,20 minute pasta bake,dinner,user12@example.com
37960,20 minute pork chops mornay,lunch,user13@example.com
104967,20 minute posole,dinner,user14@example.com
227420,20 minute skillet salmon,breakfast,user15@example.com
108497,20 minute spanish rice,dinner,user16@example.com
305137,20 minute stroganoff,lunch,user17@example.com
291796,20 minute white bean chili,dinner,user18@example.com
478604,20 minute applesauce cookies,lunch,user19@example.com
166483,20 minute chicken   rice with broccoli     k,dinner,user20@example.com
102154,20 minute chicken chili   dairy free,lunch,user21@example.com
194068,20 minute chicken creole,breakfast,user22@example.com
61040,20 minute chicken parmesan,dinner,user23@example.com
138235,20 minute egg drop chili,lunch,user24@example.com
240747,20 minute huckleberry muffins,breakfast,user25@example.com
26954,20 minute tomato basil pork chops,dinner,user26@example.com
383978,20 minutes chicken parmesan with spaghetti,dinner,user27@example.com
137992,20 pound cheesecake,breakfast,user28@example.com
531254,20 second peanut butter chunk ice cream,dinner,user29@example.com
262501,2000 flushes,dinner,user30@example.com
385415,2009 summer salsa,lunch,user31@example.com
516214,2014 memorial day buttermilk french toast,dinner,user32@example.com
362558,21 club burger,dinner,user33@example.com
19294,21 club flourless chocolate torte,breakfast,user34@example.com
383923,21 club hamburger,dinner,user35@example.com
187040,21  vegetarian sloppy joes,dinner,user36@example.com
120462,21st century macaroni and cheese,lunch,user37@example.com
136796,21st street pan bagna rolls,dinner,user38@example.com
111625,22 minute cake,dinner,user39@example.com
170841,22 second salad,lunch,user40@example.com
220280,22  rub,dinner,user41@example.com
297466,220 btu,dinner,user42@example.com
411923,24 carat yellow gold potato salad,dinner,user43@example.com
132775,24 hour brisket,lunch,user44@example.com
242513,24 hour chicken casserole,breakfast,user45@example.com
108318,24 hour crock pot barbecue,dinner,user46@example.com
88051,24 hour fruit salad,breakfast,user47@example.com
393489,24 hour lettuce salad,breakfast,user48@example.com
204404,24 hour omelet,breakfast,user49@example.com
60024,24 hour salad,lunch,user50@example.com
204393,24 karat cake,breakfast,user51@example.com
208277,24 karrot cake,dinner,user52@example.com
159357,24 hour green vegetable salad,breakfast,user53@example.com
419880,24 hour strawberry dessert,dinner,user54@example.com
231411,24 hour wine and cheese omelet,dinner,user55@example.com
152441,24k carrots,lunch,user56@example.com
254521,25 minute chicken noodle soup,lunch,user57@example.com
314185,25 minute orecchiette w chicken   rosemary,breakfast,user58@example.com
102930,25 clove garlic soup,breakfast,user59@example.com
502982,25 minute tunisian vegetable couscous,lunch,user60@example.com
65045,250 calorie dinner,lunch,user61@example.com
128544,250 of nearly everything chocolate cake,dinner,user62@example.com
377194,2bleu cups of chocolate lava please,dinner,user63@example.com
255242,2bleu s 2 minute 2 easy pizza sauce,dinner,user64@example.com
301235,2bleu s 2easy boboli,breakfast,user65@example.com
403839,2bleu s apple blossoms  chudleigh s copycat,dinner,user66@example.com
281328,2bleu s bacon cheeseburger roll up,lunch,user67@example.com
390745,2bleu s beef barley soup  or chicken barley soup,lunch,user68@example.com
391156,2bleu s cheese blintzes,breakfast,user69@example.com
459271,2bleu s country ham bacon  and eggs,breakfast,user70@example.com
323063,2bleu s creamy garlic spread,dinner,user71@example.com
394192,2bleu s everything mud pie,lunch,user72@example.com
294421,2bleu s georgia peach cream cheese tart,breakfast,user73@example.com
257111,2bleu s honey pudding,breakfast,user74@example.com
259806,2bleu s key lime pie bars,breakfast,user75@example.com
300231,2bleu s lemony rice with peas  risi e bisi,lunch,user76@example.com
274469,2bleu s margarita ice cream and sherbet fizz  virgin,dinner,user77@example.com
273114,2bleu s mushroom and swiss  on crostini toast appetizers,dinner,user78@example.com
432661,2bleu s no bake peanut butter granola bars,breakfast,user79@example.com
263058,2bleu s pecan danish,breakfast,user80@example.com
460167,2bleu s pepperoni pizza burgers,breakfast,user81@example.com
276976,2bleu s perfect roast beef,lunch,user82@example.com
377279,2bleu s pumpkin ginger crumble,dinner,user83@example.com
280714,2bleu s smoky mexican mushrooms,lunch,user84@example.com
281314,2bleu s spinach and artichoke dip with bacon,lunch,user85@example.com
270302,2bleu s sweet chicken and gravy,lunch,user86@example.com
280453,2bleu s sweet mustard sauce for pretzels and more,breakfast,user87@example.com
482075,2bleu s sweet thai chili sauce  super easy,dinner,user88@example.com
390750,2bleu s vegetable barley soup,lunch,user89@example.com
320542,2bleu s wet sauce for ribs and more,dinner,user90@example.com
281147,2bleu s white lasagna  lite bleu,breakfast,user91@example.com
484819,2bleu s zucchini   yellow squash casserole,dinner,user92@example.com
269192,2blue s pepperoni ravioli,dinner,user93@example.com
296176,2blueberry pineapple ring,breakfast,user94@example.com
344976,2lb basic white french bread from breadman,breakfast,user95@example.com
416640,2nd time s the charm cornbread pudding,lunch,user96@example.com
307065,3   potato grill packet,breakfast,user97@example.com
415334,3 2 1 sausage dip,dinner,user98@example.com
388488,3 alarm chili,lunch,user99@example.com
338331,3 alarm spicy bbq pork sandwiches,dinner,user100@example.com
187438,3 bean baked beans,lunch,user1@example.com
190279,3 bean casserole  bourbon beans,lunch,user2@example.com
42828,3 bean hot dish,dinner,user3@example.com
359316,3 bean salad,lunch,user4@example.com
101194,3 bean salad  like kfc,lunch,user5@example.com
440735,3 bean vegetarian chili,lunch,user6@example.com
182867,3 bean veggie chili,breakfast,user7@example.com
824,3 berry shakes,dinner,user8@example.com
368280,3 c bread,lunch,user9@example.com
398956,3 c crock pot casserole  chicken  cheese   cauliflower,lunch,user10@example.com
474805,3 c s and a p pizza,lunch,user11@example.com
169968,3 c s soup   3  carrot  cauliflower   celery  w cheese,lunch,user12@example.com
210455,3 cans and a box  chili   pasta,lunch,user13@example.com
186414,3 cheese  pepper  bread   bread machine,lunch,user14@example.com
215973,3 cheese   beef stuffed shells,lunch,user15@example.com
119225,3 cheese   crab quesadillas,breakfast,user16@example.com
407166,3 cheese artichoke bites,lunch,user17@example.com
136112,3 cheese asparagus,lunch,user18@example.com
215918,3 cheese bake  elbows plus al forno con salsa ai tre formaggi,lunch,user19@example.com
353419,3 cheese baked ziti,lunch,user20@example.com
296654,3 cheese bean dip,breakfast,user21@example.com
114204,3 cheese chicken enchiladas,breakfast,user22@example.com
430737,3 cheese chicken penne,dinner,user23@example.com
285629,3 cheese chicken spinach pasta bake,lunch,user24@example.com
166082,3 cheese lasagna,dinner,user25@example.com
110646,3 cheese manicotti,lunch,user26@example.com
150333,3 cheese pasta bake,breakfast,user27@example.com
33701,3 cheese potato casserole,lunch,user28@example.com
239647,3 cheese potato soup,breakfast,user29@example.com
406746,3 cheese potatoes,lunch,user30@example.com
106244,3 cheese spinach lasagna with tofu,breakfast,user31@example.com
36072,3 cheese spinach roasted red pepper calzones,lunch,user32@example.com
123408,3 cheese toasted sandwiches,breakfast,user33@example.com
277145,3 cheese tortellini roasted pepper zucchini   spinach,lunch,user34@example.com
16263,3 cheesecake,dinner,user35@example.com
51716,3 corn casserole,dinner,user36@example.com
79826,3 corn casserole bread,dinner,user37@example.com
63069,3 day goulash,dinner,user38@example.com
418712,3 day sour cream coconut cake,breakfast,user39@example.com
131286,3 dragons szechuan steak,dinner,user40@example.com
455051,3 finadene sauces  guam,breakfast,user41@example.com
329728,3 flour bread,breakfast,user42@example.com
112648,3 fruit salad,breakfast,user43@example.com
317798,3 hour old fashioned oven pot roast,breakfast,user44@example.com
374369,3 ingredient cathedral windows,lunch,user45@example.com
200373,3 ingredient chewy macaroons,breakfast,user46@example.com
187309,3 ingredient chili  or salsa,breakfast,user47@example.com
362546,3 ingredient chip dip,dinner,user48@example.com
81108,3 ingredient chocolate cake,breakfast,user49@example.com
294521,3 ingredient easy oil pie crust,breakfast,user50@example.com
468765,3 ingredient fabulous salsa    delicious  fresh and so easy,lunch,user51@example.com
427261,3 ingredient fluffy apple pancakes,dinner,user52@example.com
309806,3 ingredient fruity chocolate mousse,lunch,user53@example.com
21428,3 ingredient garlic bread,breakfast,user54@example.com
66404,3 ingredient ice cream sandwich cake,breakfast,user55@example.com
503736,3 ingredient individual quinoa pizza crust  no soaking,dinner,user56@example.com
200419,3 ingredient melt in your mouth shortbread cookies,breakfast,user57@example.com
505748,3 ingredient moroccan dry rub,lunch,user58@example.com
166653,3 ingredient onion soup chicken,lunch,user59@example.com
525818,3 ingredient peanut butter cookies,lunch,user60@example.com
497554,3 ingredient pulled pork,breakfast,user61@example.com
258970,3 ingredient pumpkin spice cupcakes,dinner,user62@example.com
128027,3 ingredient sausage squares,breakfast,user63@example.com
472014,3 ingredient triple fudge cake,breakfast,user64@example.com
165096,3 ingredients coconut milk powder burfi,dinner,user65@example.com
48634,3 ingredients nut roll,lunch,user66@example.com
46636,3 kinds of beans   baked bean dish,lunch,user67@example.com
520809,3 layer chocolate cake with chocolate mousse filling  gluten fre,lunch,user68@example.com
33947,3 layer chocolate peanut butter bars,breakfast,user69@example.com
130663,3 layer jello dessert,breakfast,user70@example.com
192033,3 layer pumpkin pie dessert,lunch,user71@example.com
366824,3 layer strawberry jello with pretzels,breakfast,user72@example.com
318330,3 layered chocolate delight dessert,dinner,user73@example.com
122817,3 layered mexican dip,lunch,user74@example.com
464692,3 layered tunisian tagine,lunch,user75@example.com
100450,3 meat breakfast pizza,breakfast,user76@example.com
423528,3 meat stromboli,lunch,user77@example.com
359609,3 minute apple crumble,breakfast,user78@example.com
507544,3 minute bread pudding in a mug,dinner,user79@example.com
339696,3 minute chocolate cake in a cup,lunch,user80@example.com
96064,3 minute hollandaise,breakfast,user81@example.com
249752,3 minute microwave fudge,lunch,user82@example.com
161592,3 minute no bake cookies,breakfast,user83@example.com
210766,3 minute whole wheat bread,breakfast,user84@example.com
317598,3 musketeers bars,dinner,user85@example.com
106333,3 onion  mushroom and garlic soup,lunch,user86@example.com
234120,3 or 4  bean salad,lunch,user87@example.com
162664,3 oven fried chicken recipes,dinner,user88@example.com
156896,3 p s  salad    peas  pickle  peanut,lunch,user89@example.com
298927,3 pack pot roast,breakfast,user90@example.com
83268,3 packet roast,lunch,user91@example.com
90767,3 pepper cheese ball,lunch,user92@example.com
351678,3 pepper cheese spread,dinner,user93@example.com
298433,3 pepper chili,lunch,user94@example.com
408575,3 pepper pasta,breakfast,user95@example.com
66520,3 potato salad,breakfast,user96@example.com
377398,3 spice fried pork chops,breakfast,user97@example.com
35788,3 spice fuss free fish fillet curry,lunch,user98@example.com
100886,3 step fettuccine alfredo,breakfast,user99@example.com
89121,3 step peanut butter chocolate chip bars,lunch,user100@example.com
42800,3 step spinach lasagna,dinner,user1@example.com
131875,3 step strawberry jam,lunch,user2@example.com
313432,3 toppings for apple pie,lunch,user3@example.com
308592,3 variations of a gluten free bread recipe   bread machine,breakfast,user4@example.com
193053,3 veg cauliflower cheese,dinner,user5@example.com
31683,3 vegetable casserole,lunch,user6@example.com
308525,3 veggie penne with tarragon basil pesto  rachael ray,breakfast,user7@example.com
311959,3 way bbq baked beans oamc,dinner,user8@example.com
324047,3  2  1 dip,dinner,user9@example.com
455416,3 2 1 cake,lunch,user10@example.com
57301,3 2 1 cornbread,lunch,user11@example.com
276427,3 2 1 crock pot roast beef,dinner,user12@example.com
107690,3 2 1 shrimp,dinner,user13@example.com
354495,3 2 1 spaghetti sauce,breakfast,user14@example.com
313237,3 bean baked beans,breakfast,user15@example.com
258846,3 bean salad,breakfast,user16@example.com
125378,3 bean salad for 25,dinner,user17@example.com
158946,3 bean salad with marinated sweet onions and roasted peppers,breakfast,user18@example.com
394191,3 bean vegetarian chili  goya beans,lunch,user19@example.com
406581,3 can burritos,breakfast,user20@example.com
509998,3 cheese macaroni and cheese,lunch,user21@example.com
377090,3 cheesy potato soup,dinner,user22@example.com
37684,3 citrus hollandaise sauce,lunch,user23@example.com
134719,3 color salad with maple vinaigrette,dinner,user24@example.com
335058,3 day barbecued marinated beef brisket,breakfast,user25@example.com
108708,3 day coconut cake,breakfast,user26@example.com
376726,3 ginger gingerbread cake,dinner,user27@example.com
143771,3 in 1 italian dip,breakfast,user28@example.com
65833,3 in 1 muffins,dinner,user29@example.com
531161,3 ingredient carnitas,breakfast,user30@example.com
18766,3 ingredient cinnamon banana slice,breakfast,user31@example.com
448832,3 ingredient dump cake,lunch,user32@example.com
528364,3 ingredient granola bars,dinner,user33@example.com
269156,3 ingredient lemon pepper marinade,dinner,user34@example.com
373334,3 ingredient pan simmered italian boneless pork chops,breakfast,user35@example.com
323810,3 ingredient peanut butter cookies,lunch,user36@example.com
125744,3 layer bars,lunch,user37@example.com
292516,3 layer dark chocolate cake,breakfast,user38@example.com
406595,3 layer fudge cake with white chocolate mousse filling,lunch,user39@example.com
111880,3 layer mexican party dip,dinner,user40@example.com
137187,3 minute apple cobbler,breakfast,user41@example.com
205648,3 minute microwave brownies,breakfast,user42@example.com
79592,3 mothers meatloaf best meatloaf i have ever had,dinner,user43@example.com
197894,3 pepper cheese spread,breakfast,user44@example.com
311313,3 pepper quiche,lunch,user45@example.com
193558,3 peppercorn hazelnut soup,lunch,user46@example.com
100066,3 step biscuits or how to break up with your girlfriend biscuits,breakfast,user47@example.com
317309,3 step cheddar broccoli bake,breakfast,user48@example.com
206585,3 step cheesecake,dinner,user49@example.com
283936,3 step fall off the bone ribs     easy,lunch,user50@example.com
110866,3 step pork chops   w  mushroom  gravy,dinner,user51@example.com
273143,3 way tex mex chicken  oamc,lunch,user52@example.com
335472,30 cloves of garlic and bean soup,dinner,user53@example.com
228820,30 day health muffins,dinner,user54@example.com
26649,30 min  strawberry rhubarb marmalade,lunch,user55@example.com
115420,30 minute almond chicken,lunch,user56@example.com
157534,30 minute bacon spaghetti for 2,lunch,user57@example.com
155496,30 minute baked potato,dinner,user58@example.com
221791,30 minute bean soup for 2,lunch,user59@example.com
71698,30 minute beef pot pie for 2,lunch,user60@example.com
353212,30 minute braised chicken,dinner,user61@example.com
111257,30 minute chicken and dumplings,breakfast,user62@example.com
82136,30 minute chicken and rice dinner by accident,breakfast,user63@example.com
28670,30 minute chicken noodle soup  from foodtv  rachael ray,breakfast,user64@example.com
72065,30 minute chicken tamales,lunch,user65@example.com
20901,30 minute chili,lunch,user66@example.com
76490,30 minute chili  quick,breakfast,user67@example.com
222458,30 minute chocolate cake,breakfast,user68@example.com
59050,30 minute cobbler,lunch,user69@example.com
281251,30 minute cream of mushroom soup,breakfast,user70@example.com
103009,30 minute dinner,breakfast,user71@example.com
234531,30 minute dinner rolls,lunch,user72@example.com
303140,30 minute easy pork chops   scaloppine,dinner,user73@example.com
290371,30 minute fresh mozzarella cheese homemade,breakfast,user74@example.com
313066,30 minute lasagna bowls,dinner,user75@example.com
100633,30 minute lemon meringue pie,lunch,user76@example.com
23210,30 minute mini meatloaves,lunch,user77@example.com
128046,30 minute one pan chicken meal,lunch,user78@example.com
145473,30 minute shepherd s pie,lunch,user79@example.com
3441,30 minute smoked sausage and corn chowder,lunch,user80@example.com
22442,30 minute spaghetti sauce,breakfast,user81@example.com
141164,30 minute vegetable beef soup,breakfast,user82@example.com
329881,30 minute white bean and tomato soup,dinner,user83@example.com
266704,30 second margarita,lunch,user84@example.com
9518,30 second sandwich,lunch,user85@example.com
474672,30 second steak sauce,dinner,user86@example.com
154224,30 minute cheesy baked ravioli,breakfast,user87@example.com
446919,30 minute chili,dinner,user88@example.com
138288,30 minute garlic chicken with potatoes,lunch,user89@example.com
225703,30 minute garlic almond chicken under a brick,breakfast,user90@example.com
413288,30 minute jambalaya skillet,lunch,user91@example.com
229453,30 minute minestrone,lunch,user92@example.com
48968,30 minute pasta sauce,breakfast,user93@example.com
133684,30 minute pot pie,breakfast,user94@example.com
406737,30 minute seasoned sweet potato   yam fries  baked not fried,lunch,user95@example.com
127924,30 minute turkey chili,lunch,user96@example.com
375184,30 second nut milk  raw food,lunch,user97@example.com
145831,300 lb  potatoes,dinner,user98@example.com
157835,31st year meatloaf,dinner,user99@example.com
64631,32k caramel cake,lunch,user100@example.com
333395,35 calorie pumpkin cookies,lunch,user1@example.com
66800,35 minute teriyaki meatballs,breakfast,user2@example.com
99798,35 minute  yummy  easy meatloaf   potatoes,lunch,user3@example.com
412506,35 second chocolate cake,breakfast,user4@example.com
301661,350 roasted parmesan potatoes,breakfast,user5@example.com
121081,36 hour freedom salsa,dinner,user6@example.com
276601,360 rocket salad  arugula,dinner,user7@example.com
280969,365 day buttermilk cornbread,lunch,user8@example.com
168679,3rd generation blueberry streusel cake,lunch,user9@example.com
9064,3rd serving meatloaf,breakfast,user10@example.com
280875,3rd world mocha,dinner,user11@example.com
47506,3x chocolate cookies,lunch,user12@example.com
256831,4 alarm salsa chicken,breakfast,user13@example.com
317196,4 b s   a,lunch,user14@example.com
367633,4 bean relish,lunch,user15@example.com
67686,4 bean salad,dinner,user16@example.com
104588,4 cheese baked macaroni,breakfast,user17@example.com
12897,4 cheese baked macaroni   italian style,lunch,user18@example.com
75650,4 cheese cheesecake,dinner,user19@example.com
345057,4 cheese chicken and bacon tortellini,lunch,user20@example.com
238258,4 cheese macaroni and cheese,lunch,user21@example.com
308917,4 cheese macaroni with a little more,breakfast,user22@example.com
84233,4 cheese mexican tortilla appetizers,breakfast,user23@example.com
400025,4 cheese pasta bake,breakfast,user24@example.com
259584,4 cheese spinach dip,lunch,user25@example.com
116772,4 cs snack dip,breakfast,user26@example.com
513291,4 delicious french fry toppers,dinner,user27@example.com
481786,4 foil wrapped dinners,dinner,user28@example.com
372771,4 fun salsa s in one,dinner,user29@example.com
15541,4 hour beef stew,dinner,user30@example.com
205712,4 in 1   creamy custard drizzle  dip  dressing or sauce,lunch,user31@example.com
277021,4 inch strawberry chocolate cheesecake,breakfast,user32@example.com
409187,4 ingredient  sausage   potato bake,lunch,user33@example.com
83571,4 ingredient   tequila lime marinade,breakfast,user34@example.com
428655,4 ingredient banana cake for two,dinner,user35@example.com
198875,4 ingredient chicken santa fe,lunch,user36@example.com
329873,4 ingredient crock pot chicken,lunch,user37@example.com
278812,4 ingredient easy chocolate fudge,lunch,user38@example.com
76268,4 ingredient hamburger dinner in 4 easy steps,dinner,user39@example.com
220922,4 ingredient lemon cookies,lunch,user40@example.com
301835,4 ingredient peach cobbler,dinner,user41@example.com
211702,4 ingredient sauce for roasted lamb,dinner,user42@example.com
27995,4 ingredient sweet and spicy chicken wings,dinner,user43@example.com
459827,4 ingredient tangy coleslaw,breakfast,user44@example.com
402905,4 ingredient tomato  cucumber   onion salad,dinner,user45@example.com
35618,4 layer cream cheese pudding dessert,breakfast,user46@example.com
159380,4 layer dessert,breakfast,user47@example.com
77729,4 layer lemon pie,breakfast,user48@example.com
35280,4 layer mock snicker candy bars,breakfast,user49@example.com
274607,4 layer pie,lunch,user50@example.com
506106,4 layer pizza dip,lunch,user51@example.com
223396,4 layer pumpkin dessert,dinner,user52@example.com
34607,4 layer vanilla chocolate raspberry bars,breakfast,user53@example.com
38905,4 lemon gallon o  lemonade,breakfast,user54@example.com
244292,4 milk mexican flan,lunch,user55@example.com
107997,4 minute spicy garlic shrimp,dinner,user56@example.com
112742,4 pepper dip dressing   really kicked up,dinner,user57@example.com
121760,4 point stove top macaroni  amp  cheese,lunch,user58@example.com
130793,4 points   diet soda cake,lunch,user59@example.com
127341,4 points   white pizza,breakfast,user60@example.com
458144,4 points plus   lemon chicken with broccoli,lunch,user61@example.com
295517,4 pt  weight watcher quiche,breakfast,user62@example.com
474044,4 salad dressings,dinner,user63@example.com
404871,4 seasons candy cane cocktail,dinner,user64@example.com
365962,4 square family pizza,lunch,user65@example.com
181425,4 step zesty garlic chicken   veggies,dinner,user66@example.com
483632,4 cheese broiled tomato slices,lunch,user67@example.com
57206,4 cheese lasagna,dinner,user68@example.com
420191,4 cheese mac  n  bacon,dinner,user69@example.com
272437,4 cheese spinach artichoke dip,breakfast,user70@example.com
35818,4 cheese summer pasta supper,breakfast,user71@example.com
117758,4 cheese zucchini bake,lunch,user72@example.com
301946,4 field berry frozen yogurt,lunch,user73@example.com
208746,4 h applesauce nut bread,breakfast,user74@example.com
332276,4 h sloppy joes,dinner,user75@example.com
397345,4 hour milk braised pork,breakfast,user76@example.com
241276,4 in 1 bean casserole,lunch,user77@example.com
254941,4 inch chocolate peanut butter cheesecake,lunch,user78@example.com
280399,4 ingredient chicken chili,lunch,user79@example.com
265338,4 ingredient chicken salad,lunch,user80@example.com
148114,4 ingredient chocolate nut toffee,lunch,user81@example.com
111306,4 ingredient sugar cookies,lunch,user82@example.com
34243,4 layer bars,lunch,user83@example.com
207445,4 minute brownie pie,lunch,user84@example.com
436673,4 pepper deviled eggs alton brown,lunch,user85@example.com
384194,4 step chicken   rustic lemon onion chicken,breakfast,user86@example.com
36320,4 5 calorie iced coffee,dinner,user87@example.com
200060,4 2   round steak bake,dinner,user88@example.com
192212,40 clove garlic chicken,dinner,user89@example.com
154149,40 clove garlic chicken wings,breakfast,user90@example.com
84362,40 cloves of garlic and chicken,breakfast,user91@example.com
208407,40 minute chili,lunch,user92@example.com
183081,40 minute hamburger buns,breakfast,user93@example.com
62088,40 clove garlic chicken,dinner,user94@example.com
189437,40 second omelet,dinner,user95@example.com
321420,43 pina colada,lunch,user96@example.com
406071,44 cordial,dinner,user97@example.com
214981,440 main s jambalaya,breakfast,user98@example.com
340404,45 minute roast turkey  mark bittman,lunch,user99@example.com
202178,48 hour marinated shrimp,lunch,user100@example.com
